variety_id,plant_id,name,type,region_id,notes
var-cannabis-cbdrx,pl-cannabis-sativa,CBDRx,cultivar/reference,reg-global,Cultivar/reference genome associated with high CBD; used in cs10 reference context.
var-cannabis-pink-pepper,pl-cannabis-sativa,Pink Pepper,cultivar/assembly,reg-global,Haploid chromosome-level assembly (dataset anchor).
var-cannabis-cherry-pie,pl-cannabis-sativa,Cherry Pie,cultivar/assembly,reg-global,Used in haplotype-resolved structural variation comparisons.
var-cannabis-punto-rojo,pl-cannabis-sativa,Punto Rojo,landrace,reg-colombia-andes,Landrace associated with Colombia; valuable for provenance narratives.
var-cannabis-purple-kush,pl-cannabis-sativa,Purple Kush,cultivar/historic-reference,reg-global,Historic reference cultivar used in early genome browser tracks.
var-tabac-tn90,pl-nicotiana-tabacum,TN90,cultivar/reference,reg-global,Commonly used cultivar/assembly reference in N. tabacum genomics.
var-tabac-k326,pl-nicotiana-tabacum,K326,cultivar,reg-global,Widely used flue-cured cultivar; useful for linking agronomy ↔ expression.
var-nicbent-lab,pl-nicotiana-benthamiana,Lab strain,lab-strain,reg-global,Generic placeholder for N. benthamiana laboratory lines.
var-nicatt-ecotype,pl-nicotiana-attenuata,Ecotype (wild),wild-accession,reg-global,Placeholder for wild accessions used in ecology/omics datasets.
