name,gamme,prototype,description,notesTete,notesCoeur,notesFond,radarIntensity,radarFreshness,radarWarmth,radarSweetness,radarSpiciness,radarEarthiness,formulation,protocol,inspirationSource
BRUME MARINE MÉTALLIQUE,Pétrichor,C1 - AQUA MINERALIS,"Évocation d'une brume marine sur rochers ferreux, alliance de fraîcheur océanique et de minéralité métallique","Calone 1951, Maritima, Aldéhyde C-12 MNA","Géosmine, Fer Olfactif, Silicate Note","Vétiver, Ambroxan, Cèdre Atlas",75,88,25,20,15,80,"Calone 1951 15%, Maritima 10%, Géosmine 20%, Fer Olfactif 15%, Silicate Note 10%, Vétiver 15%, Ambroxan 10%, Cèdre Atlas 5%","Macération à froid 48h, dilution progressive dans alcool 96°, maturation 2 semaines",Côtes bretonnes après tempête
PIERRE DE LUNE HUMIDE,Pétrichor,C1 - AQUA MINERALIS,"Pierre calcaire après pluie nocturne, douceur minérale et fraîcheur lunaire","Aldéhyde C-10, Triplal, Ozonic accord","Calcaire Olfactif, Iris Pallida, Ambrette","Schiste Olfactif, Muscs blancs, Cèdre blanc",65,75,30,35,10,85,"Aldéhyde C-10 12%, Triplal 8%, Calcaire Olfactif 18%, Iris Pallida 15%, Ambrette 12%, Schiste Olfactif 15%, Muscs blancs 15%, Cèdre blanc 5%","Infusion à froid des notes minérales, ajout progressif des floraux, repos 3 semaines",Carrières de calcaire sous la lune
ORAGE FERREUX,Pétrichor,C1 - AQUA MINERALIS,"Ozone électrique sur terre ferrugineuse, puissance tellurique et fraîcheur orageuse","Ozonic accord, Aldéhyde C-11 undécylénique, Triplal","Géosmine, Fer Olfactif, Cuivre Olfactif","Vétiver Haïti, Patchouli, Oakmoss",85,82,35,15,25,90,"Ozonic accord 15%, Aldéhyde C-11 10%, Géosmine 22%, Fer Olfactif 18%, Cuivre Olfactif 10%, Vétiver Haïti 12%, Patchouli 8%, Oakmoss 5%","Mélange énergique des notes ozonic, macération 72h avec notes métalliques, maturation 4 semaines",Terre rouge après foudre
FUMÉE DE TEMPLE ANCIEN,Volcanique,C2 - PYRO SACRA,"Encens fumé dans temple de pierre noire, spiritualité pyrogénée et profondeur sacrée","Oliban fumé, Guaiacol Fumé, Cardamome","Encens Somalien, Phénol Pyrogéné Doux, Myrrhe","Bronze Note, Cèdre Atlas, Labdanum",90,15,85,40,60,75,"Oliban fumé 15%, Guaiacol Fumé 12%, Encens Somalien 20%, Phénol Pyrogéné Doux 15%, Myrrhe 12%, Bronze Note 10%, Cèdre Atlas 10%, Labdanum 6%","Fumigation à froid des résines, ajout progressif des phénols, macération 6 semaines",Temples bouddhistes du Népal
LAVE BALSAMIQUE,Volcanique,C2 - PYRO SACRA,"Coulée de lave refroidie sur forêt de conifères, chaleur résineuse et minéralité volcanique","Pin sylvestre, Acétate de Bornyle, Ciste","Baume de Tolu, Benjoin Siam, Guaiacol Fumé","Vétiver fumé, Patchouli, Styrax",85,30,90,55,45,70,"Pin sylvestre 12%, Acétate de Bornyle 10%, Baume de Tolu 18%, Benjoin Siam 15%, Guaiacol Fumé 12%, Vétiver fumé 15%, Patchouli 10%, Styrax 8%","Infusion des baumes à 40°C, ajout des notes fumées, repos 5 semaines",Volcans d'Islande
CENDRES SACRÉES,Volcanique,C2 - PYRO SACRA,"Cendres d'encens sur pierre volcanique, pureté pyrogénée et élévation spirituelle","Encens fumé, Crésol Fumé, Cardamome noire","Ciste Labdanum, Phénol Pyrogéné Doux, Iris","Schiste Olfactif, Vétiver, Ambre gris",88,20,88,35,65,80,"Encens fumé 18%, Crésol Fumé 8%, Ciste Labdanum 20%, Phénol Pyrogéné Doux 15%, Iris 10%, Schiste Olfactif 12%, Vétiver 10%, Ambre gris 7%","Macération des résines fumées 48h, ajout progressif des notes minérales, maturation 8 semaines",Rituels de purification japonais
JARDIN DE ROSES PERSANES,Civilisations,C3 - LACTA SOLIS,"Roseraie persane au lever du soleil, opulence florale et douceur orientale","Bergamote, Géraniol Pur, Acétate de Géranyle","Rose de Damas, Rose Centifolia, Nérol","Bois de rose, Muscs, Ambre",80,70,50,85,12,20,"Bergamote 15%, Géraniol Pur 12%, Acétate de Géranyle 10%, Rose de Damas 25%, Rose Centifolia 15%, Nérol 8%, Bois de rose 8%, Muscs 5%, Ambre 2%","Enfleurage à froid des roses, dilution progressive, maturation 6 semaines",Jardins de Chiraz
SOIE ET ÉPICES,Civilisations,C3 - LACTA SOLIS,"Route de la soie, douceur lactée et chaleur épicée orientale","Cardamome, Safran, Bergamote","Lait de figue, Iris, Fleur d'oranger","Santal Mysore, Vanille, Ambre",75,55,65,75,40,25,"Cardamome 10%, Safran 5%, Bergamote 12%, Lait de figue 18%, Iris 15%, Fleur d'oranger 12%, Santal Mysore 15%, Vanille 10%, Ambre 3%","Infusion des épices dans alcool gras, ajout des notes lactées, repos 4 semaines",Caravanes de la route de la soie
BIBLIOTHÈQUE D'ALEXANDRIE,Civilisations,C3 - LACTA SOLIS,"Papyrus ancien et encre, sagesse millénaire et douceur parcheminée","Papyrus accord, Encre accord, Bergamote","Iris Pallida, Violette, Figue","Cèdre Atlas, Santal, Muscs poudrés",70,60,55,65,15,40,"Papyrus accord 15%, Encre accord 10%, Bergamote 10%, Iris Pallida 18%, Violette 12%, Figue 10%, Cèdre Atlas 12%, Santal 8%, Muscs poudrés 5%","Macération des accords papyrus/encre, ajout progressif des floraux, maturation 5 semaines",Bibliothèques antiques
GLACIER DE MENTHE,Glaciaire,C4 - TERRA AMBRA,"Glacier de menthe cristallisée, fraîcheur polaire et pureté mentholée","Menthone, Menthol cristaux, Eucalyptus","Menthe poivrée, Carvone L, Géranium","Vétiver, Cèdre blanc, Ambroxan",85,95,15,25,50,30,"Menthone 18%, Menthol cristaux 10%, Eucalyptus 12%, Menthe poivrée 20%, Carvone L 12%, Géranium 8%, Vétiver 10%, Cèdre blanc 6%, Ambroxan 4%","Dissolution des cristaux de menthol à froid, ajout progressif des terpènes, repos 3 semaines",Glaciers de Patagonie
TOUNDRA CAMPHRÉE,Glaciaire,C4 - TERRA AMBRA,"Toundra arctique, herbes camphrées et fraîcheur minérale","Pinocamphone, Eucalyptus, Romarin camphré","Sauge sclarée, Lavande, Géranium","Vétiver, Oakmoss, Ambre gris",80,85,25,30,55,50,"Pinocamphone 15%, Eucalyptus 12%, Romarin camphré 10%, Sauge sclarée 15%, Lavande 12%, Géranium 8%, Vétiver 12%, Oakmoss 10%, Ambre gris 6%","Infusion des herbes camphrées, macération avec notes terreuses, maturation 4 semaines",Toundra sibérienne
CRISTAL DE GLACE,Glaciaire,C4 - TERRA AMBRA,"Cristaux de glace pure, transparence minérale et fraîcheur absolue","Aldéhyde C-10, Ozonic accord, Menthol","Silicate Note, Iris, Ambrette","Ambroxan, Muscs blancs, Cèdre blanc",70,90,20,40,10,35,"Aldéhyde C-10 15%, Ozonic accord 12%, Menthol 8%, Silicate Note 15%, Iris 15%, Ambrette 10%, Ambroxan 12%, Muscs blancs 8%, Cèdre blanc 5%","Mélange à froid des notes ozonic, ajout progressif des minéraux, repos 3 semaines",Grottes de glace islandaises
CAFÉ COLOMBIEN FUMÉ,Colombie,C2 - PYRO SACRA,"Café torréfié des hauts plateaux, richesse aromatique et fumée douce","Café absolu, Cardamome, Bergamote","Cacao, Vanille, Phénol Pyrogéné Doux","Vétiver, Patchouli, Labdanum",85,25,80,60,50,55,"Café absolu 20%, Cardamome 10%, Bergamote 8%, Cacao 18%, Vanille 12%, Phénol Pyrogéné Doux 10%, Vétiver 12%, Patchouli 6%, Labdanum 4%","Infusion du café à froid, ajout des épices, macération 6 semaines",Plantations de café de Quindío
FLEUR DE CAFÉ,Colombie,C3 - LACTA SOLIS,"Fleurs de caféier en floraison, douceur jasminée et fraîcheur verte","Jasmin Sambac, Fleur d'oranger, Bergamote","Café fleur accord, Ylang-ylang, Tubéreuse","Santal, Vanille, Muscs",75,65,45,75,20,25,"Jasmin Sambac 18%, Fleur d'oranger 15%, Bergamote 10%, Café fleur accord 15%, Ylang-ylang 12%, Tubéreuse 8%, Santal 10%, Vanille 8%, Muscs 4%","Enfleurage des fleurs de café, dilution progressive, maturation 5 semaines",Floraison des caféiers
CACAO SACRÉ MAYA,Colombie,C3 - LACTA SOLIS,"Cacao cérémoniel maya, richesse spirituelle et douceur épicée","Cacao absolu, Cannelle, Cardamome","Vanille, Fève Tonka, Benjoin","Bois de Gaïac, Patchouli, Ambre",82,30,75,80,55,40,"Cacao absolu 22%, Cannelle 10%, Cardamome 8%, Vanille 18%, Fève Tonka 12%, Benjoin 10%, Bois de Gaïac 10%, Patchouli 6%, Ambre 4%","Infusion du cacao à 40°C, ajout des épices, macération 8 semaines",Rituels mayas du cacao
TABAC VERT COLOMBIEN,Colombie,C4 - TERRA AMBRA,"Feuilles de tabac vert séchant au soleil, fraîcheur herbacée et profondeur terreuse","Tabac vert accord, Géranium, Bergamote","Foin coupé, Immortelle, Carvone L","Vétiver, Patchouli, Oakmoss",78,55,60,45,40,75,"Tabac vert accord 20%, Géranium 12%, Bergamote 8%, Foin coupé 15%, Immortelle 10%, Carvone L 8%, Vétiver 15%, Patchouli 8%, Oakmoss 4%","Macération des notes vertes, ajout progressif des notes terreuses, repos 6 semaines",Plantations de tabac de Santander
KARITÉ SACRÉ,Mossi,C3 - LACTA SOLIS,"Beurre de karité sacré, douceur lactée et chaleur nourricière","Bergamote, Cardamome, Gingembre","Karité accord, Lait de coco, Frangipani","Santal, Vanille, Ambre",75,50,65,80,35,30,"Bergamote 12%, Cardamome 8%, Gingembre 6%, Karité accord 22%, Lait de coco 15%, Frangipani 12%, Santal 12%, Vanille 10%, Ambre 3%","Infusion du karité à tiède, ajout des notes lactées, maturation 5 semaines",Arbres de karité du Burkina Faso
TERRE ROUGE MOSSI,Mossi,C4 - TERRA AMBRA,"Terre latérite rouge, profondeur tellurique et chaleur africaine","Gingembre, Poivre rose, Bergamote","Fer Olfactif, Géranium, Immortelle","Vétiver, Patchouli, Labdanum",82,45,70,35,60,85,"Gingembre 12%, Poivre rose 10%, Bergamote 8%, Fer Olfactif 18%, Géranium 12%, Immortelle 10%, Vétiver 15%, Patchouli 10%, Labdanum 5%","Macération des notes épicées avec fer olfactif, ajout des notes terreuses, repos 6 semaines",Sols latéritiques du Burkina Faso
